venue,region,n,reliability,avg1st,chase_wr,bat_improve,bowl_improve,dew_factor,bat_pp,bat_mid,bat_death,bowl_pp,bowl_mid,bowl_death,bat_assist,fast_assist,spin_assist,toss_importance,is_2026_wc_venue
Manuka Oval,Australia,9,medium,146.0,0.56,0.45,0.55,0.2,0.76,0.78,0.68,0.34,0.32,0.42,0.62,0.74,0.36,0.322,False
Junction Oval,Australia,9,medium,130.0,0.44,0.45,0.55,0.2,0.54,0.61,0.63,0.56,0.49,0.47,0.44,0.74,0.36,0.322,False
North Sydney Oval,Australia,6,medium,156.0,0.67,0.45,0.55,0.2,0.9,0.89,0.86,0.2,0.21,0.24,0.73,0.74,0.36,0.371,False
Adelaide Oval,Australia,5,medium,155.0,0.25,0.45,0.55,0.2,0.55,0.55,0.55,0.55,0.55,0.55,0.72,0.74,0.36,0.395,False
W.A.C.A. Ground,Australia,4,low,128.0,0.75,0.45,0.55,0.2,0.55,0.55,0.55,0.55,0.55,0.55,0.43,0.74,0.36,0.403,False
Allan Border Field,Australia,4,low,134.0,0.75,0.45,0.55,0.2,0.55,0.55,0.55,0.55,0.55,0.55,0.48,0.74,0.36,0.403,False
"Manuka Oval, Canberra",Australia,4,low,159.0,0.5,0.45,0.55,0.2,0.55,0.55,0.55,0.55,0.55,0.55,0.77,0.74,0.36,0.359,False
"North Sydney Oval, Sydney",Australia,3,low,159.0,1.0,0.45,0.55,0.2,0.55,0.55,0.55,0.55,0.55,0.55,0.77,0.74,0.36,0.447,False
Sydney Showground Stadium,Australia,3,low,137.0,0.0,0.45,0.55,0.2,0.55,0.55,0.55,0.55,0.55,0.55,0.52,0.74,0.36,0.447,False
Sylhet Stadium,Bangladesh,23,high,129.0,0.3,0.42,0.58,0.58,0.53,0.74,0.77,0.57,0.36,0.33,0.43,0.32,0.82,0.466,False
Sylhet International Cricket Stadium,Bangladesh,14,high,124.0,0.29,0.42,0.58,0.58,0.63,0.77,0.79,0.47,0.33,0.31,0.38,0.32,0.82,0.491,False
"Shere Bangla National Stadium, Mirpur",Bangladesh,6,medium,126.0,0.5,0.42,0.58,0.58,0.88,0.61,0.73,0.22,0.49,0.37,0.39,0.32,0.82,0.486,False
"Zahur Ahmed Chowdhury Stadium, Chattogram",Bangladesh,3,low,111.0,0.33,0.42,0.58,0.58,0.55,0.55,0.55,0.55,0.55,0.55,0.24,0.32,0.82,0.559,False
Shere Bangla National Stadium,Bangladesh,3,low,115.0,0.67,0.42,0.58,0.58,0.55,0.55,0.55,0.55,0.55,0.55,0.28,0.32,0.82,0.559,False
County Ground,England,23,high,141.0,0.3,0.35,0.65,0.45,0.66,0.7,0.7,0.44,0.4,0.4,0.57,0.78,0.32,0.42,True
"Edgbaston, Birmingham",England,16,high,136.0,0.56,0.35,0.65,0.45,0.7,0.75,0.8,0.4,0.35,0.3,0.51,0.78,0.32,0.58,True
"County Ground, Hove",England,7,medium,119.0,0.57,0.35,0.65,0.45,0.9,0.69,0.6,0.2,0.41,0.5,0.32,0.78,0.32,0.59,True
"County Ground, Chelmsford",England,6,medium,147.0,0.5,0.35,0.65,0.45,0.74,0.8,0.78,0.36,0.3,0.32,0.64,0.78,0.32,0.52,True
The Cooper Associates County Ground,England,4,low,135.8,0.25,0.35,0.65,0.45,0.55,0.55,0.55,0.55,0.55,0.55,0.95,0.78,0.32,0.38,True
"County Ground, Derby",England,4,low,142.0,0.75,0.35,0.65,0.45,0.55,0.55,0.55,0.55,0.55,0.55,0.58,0.78,0.32,0.68,True
"Kennington Oval, London",England,3,low,153.0,0.33,0.35,0.65,0.45,0.55,0.55,0.55,0.55,0.55,0.55,0.7,0.78,0.32,0.44,True
"County Ground, Bristol",England,3,low,157.0,0.33,0.35,0.65,0.45,0.55,0.55,0.55,0.55,0.55,0.55,0.74,0.78,0.32,0.44,True
"St Lawrence Ground, Canterbury",England,3,low,152.0,0.67,0.35,0.65,0.45,0.55,0.55,0.55,0.55,0.55,0.55,0.69,0.78,0.32,0.62,True
Brabourne Stadium,India,7,medium,157.0,0.71,0.58,0.42,0.68,0.69,0.87,0.7,0.41,0.23,0.4,0.74,0.32,0.82,0.576,False
Feroz Shah Kotla,India,6,medium,111.0,0.83,0.58,0.42,0.68,0.77,0.69,0.49,0.33,0.41,0.61,0.23,0.32,0.82,0.611,False
M Chinnaswamy Stadium,India,4,low,132.0,0.25,0.58,0.42,0.68,0.55,0.55,0.55,0.55,0.55,0.55,0.47,0.32,0.82,0.613,False
"MA Chidambaram Stadium, Chepauk",India,4,low,139.0,0.0,0.58,0.42,0.68,0.55,0.55,0.55,0.55,0.55,0.55,0.54,0.32,0.82,0.656,False
"Brabourne Stadium, Mumbai",India,3,low,134.0,0.0,0.58,0.42,0.68,0.55,0.55,0.55,0.55,0.55,0.55,0.95,0.32,0.82,0.661,False
"Wankhede Stadium, Mumbai",India,3,low,134.0,0.67,0.58,0.42,0.68,0.55,0.55,0.55,0.55,0.55,0.55,0.49,0.32,0.82,0.613,False
YMCA Cricket Club,Ireland,11,high,137.0,0.3,0.38,0.62,0.5,0.71,0.68,0.83,0.39,0.42,0.27,0.52,0.74,0.28,0.431,False
"Castle Avenue, Dublin",Ireland,6,medium,161.0,0.67,0.38,0.62,0.5,0.9,0.66,0.79,0.2,0.44,0.31,0.79,0.74,0.28,0.447,False
"Pembroke Cricket Club, Sandymount, Dublin",Ireland,5,medium,134.0,0.6,0.38,0.62,0.5,0.81,0.86,0.74,0.29,0.24,0.36,0.49,0.74,0.28,0.441,False
"Bready Cricket Club, Magheramason, Bready",Ireland,5,medium,117.0,0.25,0.38,0.62,0.5,0.55,0.55,0.55,0.55,0.55,0.55,0.3,0.74,0.28,0.471,False
"The Village, Malahide, Dublin",Ireland,4,low,124.0,0.75,0.38,0.62,0.5,0.55,0.55,0.55,0.55,0.55,0.55,0.37,0.74,0.28,0.477,False
"Civil Service Cricket Club, Stormont, Belfast",Ireland,4,low,114.0,0.25,0.38,0.62,0.5,0.55,0.55,0.55,0.55,0.55,0.55,0.27,0.74,0.28,0.477,False
"Clontarf Cricket Club Ground, Dublin",Ireland,3,low,155.0,0.67,0.38,0.62,0.5,0.55,0.55,0.55,0.55,0.55,0.55,0.72,0.74,0.28,0.474,False
Kinrara Academy Oval,Malaysia,11,high,133.0,0.55,0.48,0.52,0.68,0.78,0.88,0.78,0.32,0.22,0.32,0.47,0.4,0.7,0.443,False
"Kinrara Academy Oval, Kuala Lumpur",Malaysia,3,low,132.0,0.33,0.48,0.52,0.68,0.55,0.55,0.55,0.55,0.55,0.55,0.46,0.4,0.7,0.533,False
"Tribhuvan University International Cricket Ground, Kirtipur",Nepal,3,low,169.0,0.0,0.55,0.45,0.42,0.55,0.55,0.55,0.55,0.55,0.55,0.88,0.48,0.65,0.5,False
Sportpark Het Schootsveld,Netherlands,6,medium,141.0,0.33,0.4,0.6,0.42,0.58,0.68,0.55,0.52,0.42,0.55,0.57,0.72,0.3,0.44,False
"VRA Ground, Amstelveen",Netherlands,4,low,125.0,0.5,0.4,0.6,0.42,0.55,0.55,0.55,0.55,0.55,0.55,0.39,0.72,0.3,0.428,False
Seddon Park,New Zealand,5,medium,143.0,0.6,0.38,0.62,0.22,0.76,0.9,0.66,0.34,0.2,0.44,0.59,0.76,0.34,0.367,False
"University Oval, Dunedin",New Zealand,5,medium,143.0,0.25,0.38,0.62,0.22,0.55,0.55,0.55,0.55,0.55,0.55,0.59,0.76,0.34,0.397,False
Westpac Stadium,New Zealand,4,low,114.0,0.75,0.38,0.62,0.22,0.55,0.55,0.55,0.55,0.55,0.55,0.27,0.76,0.34,0.404,False
"Hagley Oval, Christchurch",New Zealand,4,low,143.0,0.5,0.38,0.62,0.22,0.55,0.55,0.55,0.55,0.55,0.55,0.59,0.76,0.34,0.36,False
Bay Oval,New Zealand,3,low,156.0,0.33,0.38,0.62,0.22,0.55,0.55,0.55,0.55,0.55,0.55,0.73,0.76,0.34,0.401,False
Melbourne Cricket Ground,Other,5,medium,141.0,0.6,0.48,0.52,0.4,0.73,0.89,0.62,0.37,0.21,0.48,0.57,0.55,0.55,0.418,False
"Dr DY Patil Sports Academy, Mumbai",Other,5,medium,155.0,0.8,0.48,0.52,0.4,0.55,0.55,0.55,0.55,0.55,0.55,0.73,0.55,0.55,0.458,False
La Manga Club Top Ground,Other,5,medium,103.0,0.4,0.48,0.52,0.4,0.55,0.55,0.55,0.55,0.55,0.55,0.2,0.55,0.55,0.418,False
"St George's Park, Gqeberha",Other,5,medium,130.0,0.6,0.48,0.52,0.4,0.79,0.9,0.82,0.31,0.2,0.28,0.44,0.55,0.55,0.418,False
Sydney Cricket Ground,Other,4,low,150.0,0.25,0.48,0.52,0.4,0.55,0.55,0.55,0.55,0.55,0.55,0.67,0.55,0.55,0.455,False
West End Park International Cricket Stadium,Other,4,low,87.0,0.75,0.48,0.52,0.4,0.55,0.55,0.55,0.55,0.55,0.55,0.2,0.55,0.55,0.455,False
Kerrydale Oval,Other,4,low,116.0,0.5,0.48,0.52,0.4,0.55,0.55,0.55,0.55,0.55,0.55,0.29,0.55,0.55,0.411,False
Lalabhai Contractor Stadium,Other,4,low,136.0,0.25,0.48,0.52,0.4,0.55,0.55,0.55,0.55,0.55,0.55,0.51,0.55,0.55,0.455,False
Zhejiang University of Technology Cricket Field,Other,4,low,76.0,0.75,0.48,0.52,0.4,0.55,0.55,0.55,0.55,0.55,0.55,0.2,0.55,0.55,0.455,False
Guanggong International Cricket Stadium,Other,4,low,80.0,0.5,0.48,0.52,0.4,0.55,0.55,0.55,0.55,0.55,0.55,0.2,0.55,0.55,0.411,False
"Desert Springs Cricket Ground, Almeria",Other,4,low,116.0,0.5,0.48,0.52,0.4,0.55,0.55,0.55,0.55,0.55,0.55,0.29,0.55,0.55,0.411,False
Haslegrave Ground,Other,4,low,128.0,0.25,0.48,0.52,0.4,0.55,0.55,0.55,0.55,0.55,0.55,0.42,0.55,0.55,0.455,False
"Brian Lara Stadium, Tarouba",Other,3,low,130.0,1.0,0.48,0.52,0.4,0.55,0.55,0.55,0.55,0.55,0.55,0.45,0.55,0.55,0.499,False
"Dr DY Patil Sports Academy, Navi Mumbai",Other,3,low,132.2,0.33,0.48,0.52,0.4,0.55,0.55,0.55,0.55,0.55,0.55,0.95,0.55,0.55,0.452,False
"Greenfield International Stadium, Thiruvananthapuram",Other,3,low,169.0,0.33,0.48,0.52,0.4,0.55,0.55,0.55,0.55,0.55,0.55,0.88,0.55,0.55,0.452,False
"Punjab Cricket Association IS Bindra Stadium, Mohali",Other,3,low,140.0,0.0,0.48,0.52,0.4,0.55,0.55,0.55,0.55,0.55,0.55,0.56,0.55,0.55,0.499,False
"National Cricket Stadium, St George's, Grenada",Other,3,low,90.0,0.67,0.48,0.52,0.4,0.55,0.55,0.55,0.55,0.55,0.55,0.2,0.55,0.55,0.452,False
"Mahinda Rajapaksa International Cricket Stadium, Sooriyawewa, Hambantota",Other,3,low,121.0,1.0,0.48,0.52,0.4,0.55,0.55,0.55,0.55,0.55,0.55,0.35,0.55,0.55,0.499,False
"John Davies Oval, Queenstown",Other,3,low,148.0,0.33,0.48,0.52,0.4,0.55,0.55,0.55,0.55,0.55,0.55,0.64,0.55,0.55,0.452,False
Barsapara Cricket Stadium,Other,3,low,130.0,0.33,0.48,0.52,0.4,0.55,0.55,0.55,0.55,0.55,0.55,0.44,0.55,0.55,0.452,False
Bharat Ratna Shri Atal Bihari Vajpayee Ekana Cricket Stadium,Other,3,low,133.0,1.0,0.48,0.52,0.4,0.55,0.55,0.55,0.55,0.55,0.55,0.48,0.55,0.55,0.499,False
"Three Ws Oval, Cave Hill, Barbados",Other,3,low,148.0,0.67,0.48,0.52,0.4,0.55,0.55,0.55,0.55,0.55,0.55,0.64,0.55,0.55,0.452,False
Mulpani Cricket Ground,Other,3,low,133.0,0.33,0.48,0.52,0.4,0.55,0.55,0.55,0.55,0.55,0.55,0.47,0.55,0.55,0.452,False
"National Stadium, Karachi",Pakistan,8,medium,130.0,0.62,0.52,0.48,0.42,0.43,0.79,0.48,0.67,0.31,0.62,0.45,0.38,0.78,0.466,False
Southend Club Cricket Stadium,Pakistan,5,medium,136.0,0.0,0.52,0.48,0.42,0.55,0.55,0.55,0.55,0.55,0.55,0.51,0.38,0.78,0.573,False
"Gaddafi Stadium, Lahore",Pakistan,3,low,140.0,0.67,0.52,0.48,0.42,0.55,0.55,0.55,0.55,0.55,0.55,0.56,0.38,0.78,0.534,False
"Southend Club Cricket Stadium, Karachi",Pakistan,3,low,105.0,1.0,0.52,0.48,0.42,0.55,0.55,0.55,0.55,0.55,0.55,0.2,0.38,0.78,0.581,False
Multan Cricket Stadium,Pakistan,3,low,155.0,0.33,0.52,0.48,0.42,0.55,0.55,0.55,0.55,0.55,0.55,0.73,0.38,0.78,0.534,False
"Grange Cricket Club Ground, Raeburn Place, Edinburgh",Scotland,6,medium,141.0,0.67,0.36,0.64,0.48,0.72,0.58,0.86,0.38,0.52,0.24,0.57,0.76,0.26,0.445,False
Forthill,Scotland,3,low,103.0,0.33,0.36,0.64,0.48,0.55,0.55,0.55,0.55,0.55,0.55,0.2,0.76,0.26,0.473,False
"Newlands, Cape Town",South Africa,13,high,158.0,0.38,0.48,0.52,0.18,0.71,0.87,0.78,0.39,0.23,0.32,0.75,0.78,0.34,0.306,False
"Buffalo Park, East London",South Africa,10,high,132.0,0.62,0.48,0.52,0.18,0.61,0.85,0.76,0.49,0.25,0.34,0.46,0.78,0.34,0.319,False
"Willowmoore Park, Benoni",South Africa,8,medium,160.0,0.25,0.48,0.52,0.18,0.56,0.71,0.33,0.54,0.39,0.77,0.77,0.78,0.34,0.364,False
"Boland Park, Paarl",South Africa,7,medium,146.0,0.29,0.48,0.52,0.18,0.63,0.79,0.79,0.47,0.31,0.31,0.63,0.78,0.34,0.359,False
Senwes Park,South Africa,7,medium,119.0,0.57,0.48,0.52,0.18,0.7,0.54,0.43,0.4,0.56,0.67,0.32,0.78,0.34,0.324,False
Kingsmead,South Africa,4,low,127.0,0.25,0.48,0.52,0.18,0.55,0.55,0.55,0.55,0.55,0.55,0.41,0.78,0.34,0.386,False
Newlands,South Africa,3,low,125.0,0.33,0.48,0.52,0.18,0.55,0.55,0.55,0.55,0.55,0.55,0.39,0.78,0.34,0.383,False
Galle International Stadium,Sri Lanka,12,high,108.0,0.58,0.45,0.55,0.62,0.68,0.64,0.66,0.42,0.46,0.44,0.2,0.3,0.9,0.48,False
R Premadasa Stadium,Sri Lanka,9,medium,111.0,0.56,0.45,0.55,0.62,0.73,0.84,0.8,0.37,0.26,0.3,0.23,0.3,0.9,0.495,False
Rangiri Dambulla International Stadium,Sri Lanka,8,medium,126.0,0.88,0.45,0.55,0.62,0.49,0.63,0.73,0.61,0.47,0.37,0.4,0.3,0.9,0.587,False
"P Sara Oval, Colombo",Sri Lanka,3,low,121.0,1.0,0.45,0.55,0.62,0.55,0.55,0.55,0.55,0.55,0.55,0.35,0.3,0.9,0.633,False
"Sinhalese Sports Club Ground, Colombo",Sri Lanka,3,low,134.0,0.67,0.45,0.55,0.62,0.55,0.55,0.55,0.55,0.55,0.55,0.49,0.3,0.9,0.586,False
P Sara Oval,Sri Lanka,3,low,135.0,0.67,0.45,0.55,0.62,0.55,0.55,0.55,0.55,0.55,0.55,0.5,0.3,0.9,0.586,False
Sharjah Cricket Stadium,UAE,19,high,116.0,0.53,0.5,0.5,0.45,0.78,0.75,0.69,0.32,0.35,0.41,0.29,0.26,0.88,0.392,False
Dubai International Cricket Stadium,UAE,12,high,129.0,0.58,0.5,0.5,0.45,0.9,0.73,0.78,0.2,0.37,0.32,0.44,0.26,0.88,0.442,False
"Zayed Cricket Stadium, Abu Dhabi",UAE,4,low,129.0,0.5,0.5,0.5,0.45,0.55,0.55,0.55,0.55,0.55,0.55,0.44,0.26,0.88,0.507,False
"Sheikh Zayed Stadium, Abu Dhabi",UAE,3,low,113.0,0.33,0.5,0.5,0.45,0.55,0.55,0.55,0.55,0.55,0.55,0.26,0.26,0.88,0.552,False
"Sir Vivian Richards Stadium, North Sound, Antigua",West Indies,11,high,114.0,0.55,0.55,0.45,0.55,0.88,0.89,0.73,0.22,0.21,0.37,0.26,0.45,0.58,0.427,False
Providence Stadium,West Indies,11,high,138.0,0.27,0.55,0.45,0.55,0.73,0.77,0.78,0.37,0.33,0.32,0.53,0.45,0.58,0.482,False
"Daren Sammy National Cricket Stadium, Gros Islet",West Indies,8,medium,109.0,0.5,0.55,0.45,0.55,0.77,0.76,0.62,0.33,0.34,0.48,0.22,0.45,0.58,0.435,False
"Beausejour Stadium, Gros Islet",West Indies,4,low,126.0,0.75,0.55,0.45,0.55,0.55,0.55,0.55,0.55,0.55,0.55,0.41,0.45,0.58,0.527,False
"Kensington Oval, Bridgetown, Barbados",West Indies,4,low,118.0,0.25,0.55,0.45,0.55,0.55,0.55,0.55,0.55,0.55,0.55,0.31,0.45,0.58,0.527,False
"Arnos Vale Ground, Kingstown, St Vincent",West Indies,3,low,120.3,0.0,0.55,0.45,0.55,0.55,0.55,0.55,0.55,0.55,0.55,0.95,0.45,0.58,0.572,False
"Daren Sammy National Cricket Stadium, Gros Islet, St Lucia",West Indies,3,low,114.0,1.0,0.55,0.45,0.55,0.55,0.55,0.55,0.55,0.55,0.55,0.26,0.45,0.58,0.572,False
"Providence Stadium, Guyana",West Indies,3,low,81.0,0.33,0.55,0.45,0.55,0.55,0.55,0.55,0.55,0.55,0.55,0.2,0.45,0.58,0.525,False
"Kensington Oval, Barbados",West Indies,3,low,95.0,1.0,0.55,0.45,0.55,0.55,0.55,0.55,0.55,0.55,0.55,0.2,0.45,0.58,0.572,False
"Warner Park, Basseterre, St Kitts",West Indies,3,low,150.0,0.67,0.55,0.45,0.55,0.55,0.55,0.55,0.55,0.55,0.55,0.66,0.45,0.58,0.525,False
"Sir Vivian Richards Stadium, North Sound",West Indies,3,low,120.0,0.67,0.55,0.45,0.55,0.55,0.55,0.55,0.55,0.55,0.55,0.33,0.45,0.58,0.525,False
